"ADFG_ID","Date","StationID","Latitude","Longitude","Sex","Size","Chela","Shell_Condition","Plate","DNA_Well_No","VISUAL","Depth","Bottom_Temp","Avg_salinity_PSU","SPN","ReferenceNO","Removed_Dead","Collection_Comments","Well_Num","BCS_PCR_results","SPNO","Year","Host_OR_Parasite","Host_Tissue","Preservative","Sample_Status","Species_Name","Specific_Location","General_Location","LME"
"1-1",2015-08-06,"93",59.87495,-172.750175,"M",78.3,17.9,"New  (close to Old)","40","A1","No",76.6,-0.953059793773007,31.6485682402571,NA,NA,NA,NA,"01",0,"SMI_20154001",2015,"Host tissue","Blood","EtOH 100%","Available","Chionoecetes opilio","SM","BS",1
"1-2",2015-08-07,"78",59.958325,-173.249975,"F",57,NA,"New","40","B1","No",77.44,-0.981993177039544,31.5594844105226,NA,NA,NA,NA,"02",1,"SMI_20154002",2015,"Host tissue","Blood","EtOH 100%","Available","Chionoecetes opilio","SM","BS",1
"1-3",2015-08-07,"78",59.958325,-173.249975,"M",82.1,18.2,"Old","40","C1","No",77.44,-0.981993177039544,31.5594844105226,NA,NA,NA,NA,"03",0,"SMI_20154003",2015,"Host tissue","Blood","EtOH 100%","Available","Chionoecetes opilio","SM","BS",1
"1-4",2015-08-07,"78",59.958325,-173.249975,"M",68,NA,"New","40","D1","No",77.44,-0.981993177039544,31.5594844105226,NA,NA,NA,NA,"04",0,"SMI_20154004",2015,"Host tissue","Blood","EtOH 100%","Available","Chionoecetes opilio","SM","BS",1
"1-5",2015-08-08,"113",59.708275,-173.41725,"M",77.7,18.4,"New","40","E1","No",98.05,-0.40793617670662,32.1415333437571,NA,NA,NA,NA,"05",0,"SMI_20154005",2015,"Host tissue","Blood","EtOH 100%","Available","Chionoecetes opilio","SM","BS",1
"1-6",2015-08-09,"87",59.875,-173.7505,"M",91.4,21.5,"Old","40","F1","No",96.97,0.0219214330981258,31.9223669200813,NA,NA,NA,NA,"06",0,"SMI_20154006",2015,"Host tissue","Blood","EtOH 100%","Available","Chionoecetes opilio","SM","BS",1
"1-7",2015-08-09,"87",59.875,-173.7505,"M",70,15.4,"New","40","G1","No",96.97,0.0219214330981258,31.9223669200813,NA,NA,NA,NA,"07",0,"SMI_20154007",2015,"Host tissue","Blood","EtOH 100%","Available","Chionoecetes opilio","SM","BS",1
"1-8",2015-08-09,"87",59.875,-173.7505,"M",87.8,19.6,"New","40","H1","No",96.97,0.0219214330981258,31.9223669200813,NA,NA,NA,NA,"08",0,"SMI_20154008",2015,"Host tissue","Blood","EtOH 100%","Available","Chionoecetes opilio","SM","BS",1
"1-9",2015-08-10,"45",60.12495,-173.750225,"M",74.1,13.5,"New","40","A2","No",88.2,-0.900246486069076,31.6937302110718,NA,NA,NA,NA,"09",0,"SMI_20154009",2015,"Host tissue","Blood","EtOH 100%","Available","Chionoecetes opilio","SM","BS",1
"1-10",2015-08-10,"45",60.12495,-173.750225,"M",84.5,19.3,"New","40","B2","No",88.2,-0.900246486069076,31.6937302110718,NA,NA,NA,NA,"10",0,"SMI_20154010",2015,"Host tissue","Blood","EtOH 100%","Available","Chionoecetes opilio","SM","BS",1
"1-11",2015-08-10,"45",60.12495,-173.750225,"M",86.9,20.4,"New","40","C2","No",88.2,-0.900246486069076,31.6937302110718,NA,NA,NA,NA,"11",0,"SMI_20154011",2015,"Host tissue","Blood","EtOH 100%","Available","Chionoecetes opilio","SM","BS",1
"1-12",2015-08-10,"45",60.12495,-173.750225,"M",65,NA,"New","40","D2","No",88.2,-0.900246486069076,31.6937302110718,NA,NA,NA,NA,"12",0,"SMI_20154012",2015,"Host tissue","Blood","EtOH 100%","Available","Chionoecetes opilio","SM","BS",1
"1-13",2015-08-10,"45",60.12495,-173.750225,"M",76.7,17.8,"New","40","E2","No",88.2,-0.900246486069076,31.6937302110718,NA,NA,NA,NA,"13",0,"SMI_20154013",2015,"Host tissue","Blood","EtOH 100%","Available","Chionoecetes opilio","SM","BS",1
"1-14",2015-08-10,"45",60.12495,-173.750225,"M",84,19.7,"New","40","F2","No",88.2,-0.900246486069076,31.6937302110718,NA,NA,NA,NA,"14",0,"SMI_20154014",2015,"Host tissue","Blood","EtOH 100%","Available","Chionoecetes opilio","SM","BS",1
"1-15",2015-08-10,"45",60.12495,-173.750225,"M",74,16,"Old","40","G2","No",88.2,-0.900246486069076,31.6937302110718,NA,NA,NA,NA,"15",0,"SMI_20154015",2015,"Host tissue","Blood","EtOH 100%","Available","Chionoecetes opilio","SM","BS",1
"1-16",2015-08-10,"45",60.12495,-173.750225,"M",82.8,18.5,"Old","40","H2","No",88.2,-0.900246486069076,31.6937302110718,NA,NA,NA,NA,"16",0,"SMI_20154016",2015,"Host tissue","Blood","EtOH 100%","Available","Chionoecetes opilio","SM","BS",1
"1-17",2015-08-10,"45",60.12495,-173.750225,"M",84.8,19.6,"Old","40","A3","No",88.2,-0.900246486069076,31.6937302110718,NA,NA,NA,NA,"17",0,"SMI_20154017",2015,"Host tissue","Blood","EtOH 100%","Available","Chionoecetes opilio","SM","BS",1
"1-18",2015-08-10,"45",60.12495,-173.750225,"M",78.6,13.9,"New","40","B3","No",88.2,-0.900246486069076,31.6937302110718,NA,NA,NA,NA,"18",0,"SMI_20154018",2015,"Host tissue","Blood","EtOH 100%","Available","Chionoecetes opilio","SM","BS",1
"1-19",2015-08-10,"63",60.0416,-173.749925,"M",98.9,23.2,"New","40","C3","No",92.1,-0.676019655475394,32.0394757099367,NA,NA,NA,NA,"19",0,"SMI_20154019",2015,"Host tissue","Blood","EtOH 100%","Available","Chionoecetes opilio","SM","BS",1
"1-20",2015-08-10,"63",60.0416,-173.749925,"M",107.2,NA,"New","40","E3","No",92.1,-0.676019655475394,32.0394757099367,NA,NA,NA,NA,"21",0,"SMI_20154021",2015,"Host tissue","Blood","EtOH 100%","Available","Chionoecetes opilio","SM","BS",1
"1-21",2015-08-10,"63",60.0416,-173.749925,"M",71.9,15.4,"Old","40","F3","No",92.1,-0.676019655475394,32.0394757099367,NA,NA,NA,NA,"22",1,"SMI_20154022",2015,"Host tissue","Blood","EtOH 100%","Available","Chionoecetes opilio","SM","BS",1
"1-22",2015-08-10,"63",60.0416,-173.749925,"M",73.5,17.2,"Old","40","G3","No",92.1,-0.676019655475394,32.0394757099367,NA,NA,NA,NA,"23",0,"SMI_20154023",2015,"Host tissue","Blood","EtOH 100%","Available","Chionoecetes opilio","SM","BS",1
"1-23",2015-08-10,"63",60.0416,-173.749925,"M",90.2,21.2,"New","40","H3","No",92.1,-0.676019655475394,32.0394757099367,NA,NA,NA,NA,"24",0,"SMI_20154024",2015,"Host tissue","Blood","EtOH 100%","Available","Chionoecetes opilio","SM","BS",1
"1-24",2015-08-10,"63",60.0416,-173.749925,"M",75.4,16.4,"New","40","A4","No",92.1,-0.676019655475394,32.0394757099367,NA,NA,NA,NA,"25",0,"SMI_20154025",2015,"Host tissue","Blood","EtOH 100%","Available","Chionoecetes opilio","SM","BS",1
"1-25",2015-08-10,"63",60.0416,-173.749925,"M",92.6,23.5,"New","40","B4","No",92.1,-0.676019655475394,32.0394757099367,NA,NA,NA,NA,"26",0,"SMI_20154026",2015,"Host tissue","Blood","EtOH 100%","Available","Chionoecetes opilio","SM","BS",1
"2-1",2015-08-10,"63",60.0416,-173.749925,"M",87.8,16.2,"New","40","C4","No",92.1,-0.676019655475394,32.0394757099367,NA,NA,NA,NA,"27",0,"SMI_20154027",2015,"Host tissue","Blood","EtOH 100%","Available","Chionoecetes opilio","SM","BS",1
"2-2",2015-08-10,"64",60.041675,-173.5834,"M",64,NA,"Old","40","D4","No",85.66,-0.994798303289808,31.9023045375095,NA,NA,NA,NA,"28",0,"SMI_20154028",2015,"Host tissue","Blood","EtOH 100%","Available","Chionoecetes opilio","SM","BS",1
"2-6",2015-08-10,"74",59.958325,-173.91645,"M",89.4,21.6,"New","40","H4","No",99.04,-0.0443757435000062,31.9458076101489,NA,NA,NA,NA,"32",0,"SMI_20154032",2015,"Host tissue","Blood","EtOH 100%","Available","Chionoecetes opilio","SM","BS",1
"2-3",2015-08-10,"77",59.958375,-173.416775,"M",78.4,17,"Old","40","E4","No",80.49,-0.965016896578981,NA,NA,NA,NA,NA,"29",0,"SMI_20154029",2015,"Host tissue","Blood","EtOH 100%","Available","Chionoecetes opilio","SM","BS",1
"2-4",2015-08-10,"77",59.958375,-173.416775,"M",73.9,15.8,"Old","40","F4","No",80.49,-0.965016896578981,NA,NA,NA,NA,NA,"30",0,"SMI_20154030",2015,"Host tissue","Blood","EtOH 100%","Available","Chionoecetes opilio","SM","BS",1
"2-5",2015-08-10,"77",59.958375,-173.416775,"M",67,NA,"New","40","G4","No",80.49,-0.965016896578981,NA,NA,NA,NA,NA,"31",0,"SMI_20154031",2015,"Host tissue","Blood","EtOH 100%","Available","Chionoecetes opilio","SM","BS",1
"2-7",2015-08-11,"29",60.208325,-173.58305,"M",75.3,17.6,"Very Old","40","A5","No",73.61,-0.876217413713903,31.5655877428029,NA,NA,NA,NA,"33",0,"SMI_20154033",2015,"Host tissue","Blood","EtOH 100%","Available","Chionoecetes opilio","SM","BS",1
"2-8",2015-08-11,"29",60.208325,-173.58305,"M",100.4,NA,"New","40","B5","No",73.61,-0.876217413713903,31.5655877428029,NA,NA,NA,NA,"34",0,"SMI_20154034",2015,"Host tissue","Blood","EtOH 100%","Available","Chionoecetes opilio","SM","BS",1
"2-9",2015-08-11,"46",60.125,-173.582975,"M",73.5,17.8,"Very Old","40","C5","No",79.5,-0.843540908010683,31.4985341336903,NA,NA,NA,NA,"35",0,"SMI_20154035",2015,"Host tissue","Blood","EtOH 100%","Available","Chionoecetes opilio","SM","BS",1
"2-10",2015-08-11,"46",60.125,-173.582975,"M",77.4,16.7,"New  (close to Old)","40","D5","No",79.5,-0.843540908010683,31.4985341336903,NA,NA,NA,NA,"36",0,"SMI_20154036",2015,"Host tissue","Blood","EtOH 100%","Available","Chionoecetes opilio","SM","BS",1
"2-11",2015-08-11,"46",60.125,-173.582975,"M",74.5,8.9,"New","40","E5","No",79.5,-0.843540908010683,31.4985341336903,NA,NA,NA,NA,"37",1,"SMI_20154037",2015,"Host tissue","Blood","EtOH 100%","Available","Chionoecetes opilio","SM","BS",1
"2-12",2015-08-11,"46",60.125,-173.582975,"M",81.4,17.3,"New","40","F5","No",79.5,-0.843540908010683,31.4985341336903,NA,NA,NA,NA,"38",0,"SMI_20154038",2015,"Host tissue","Blood","EtOH 100%","Available","Chionoecetes opilio","SM","BS",1
"2-13",2015-08-11,"46",60.125,-173.582975,"M",70.3,15,"New  (close to Old)","40","H5","No",79.5,-0.843540908010683,31.4985341336903,NA,NA,NA,NA,"40",0,"SMI_20154040",2015,"Host tissue","Blood","EtOH 100%","Available","Chionoecetes opilio","SM","BS",1
"2-18",2015-08-12,"1",60.458325,-173.916875,"M",76.2,17.3,"Old","40","E6","No",82.5,-0.859245872431856,31.9005937493973,NA,NA,NA,NA,"45",1,"SMI_20154045",2015,"Host tissue","Blood","EtOH 100%","Available","Chionoecetes opilio","SM","BS",1
"2-19",2015-08-12,"1",60.458325,-173.916875,"M",75.5,15.9,"New","40","F6","No",82.5,-0.859245872431856,31.9005937493973,NA,NA,NA,NA,"46",0,"SMI_20154046",2015,"Host tissue","Blood","EtOH 100%","Available","Chionoecetes opilio","SM","BS",1
"2-20",2015-08-12,"1",60.458325,-173.916875,"M",62,NA,"New","40","G6","No",82.5,-0.859245872431856,31.9005937493973,NA,NA,NA,NA,"47",0,"SMI_20154047",2015,"Host tissue","Blood","EtOH 100%","Available","Chionoecetes opilio","SM","BS",1
"2-21",2015-08-12,"1",60.458325,-173.916875,"M",78.7,18.4,"Old","40","H6","No",82.5,-0.859245872431856,31.9005937493973,NA,NA,NA,NA,"48",0,"SMI_20154048",2015,"Host tissue","Blood","EtOH 100%","Available","Chionoecetes opilio","SM","BS",1
"2-22",2015-08-12,"1",60.458325,-173.916875,"M",77.8,18.5,"Very Old","40","A7","No",82.5,-0.859245872431856,31.9005937493973,NA,NA,NA,NA,"49",0,"SMI_20154049",2015,"Host tissue","Blood","EtOH 100%","Available","Chionoecetes opilio","SM","BS",1
"2-23",2015-08-12,"1",60.458325,-173.916875,"M",66.2,13.5,"Old","40","B7","No",82.5,-0.859245872431856,31.9005937493973,NA,NA,NA,NA,"50",0,"SMI_20154050",2015,"Host tissue","Blood","EtOH 100%","Available","Chionoecetes opilio","SM","BS",1
"2-24",2015-08-12,"1",60.458325,-173.916875,"M",74.6,15.5,"New","40","C7","No",82.5,-0.859245872431856,31.9005937493973,NA,NA,NA,NA,"51",0,"SMI_20154051",2015,"Host tissue","Blood","EtOH 100%","Available","Chionoecetes opilio","SM","BS",1
"2-17",2015-08-12,"2",60.458325,-173.74985,"M",80.4,16.6,"New","40","D6","No",70.88,-0.42136259485526,NA,NA,NA,NA,NA,"44",0,"SMI_20154044",2015,"Host tissue","Blood","EtOH 100%","Available","Chionoecetes opilio","SM","BS",1
"2-25",2015-08-12,"6",60.375,-173.9167,"M",73.9,15.5,"New","40","D7","No",82.73,-0.909487394081647,31.3269617757114,NA,NA,NA,NA,"52",1,"SMI_20154052",2015,"Host tissue","Blood","EtOH 100%","Available","Chionoecetes opilio","SM","BS",1
"3-1",2015-08-12,"6",60.375,-173.9167,"M",79.3,16.1,"New","40","E7","No",82.73,-0.909487394081647,31.3269617757114,NA,NA,NA,NA,"53",0,"SMI_20154053",2015,"Host tissue","Blood","EtOH 100%","Available","Chionoecetes opilio","SM","BS",1
"3-2",2015-08-12,"6",60.375,-173.9167,"M",68,NA,"New","40","F7","No",82.73,-0.909487394081647,31.3269617757114,NA,NA,NA,NA,"54",0,"SMI_20154054",2015,"Host tissue","Blood","EtOH 100%","Available","Chionoecetes opilio","SM","BS",1
"3-3",2015-08-12,"6",60.375,-173.9167,"F",57,NA,"Old","40","G7","No",82.73,-0.909487394081647,31.3269617757114,NA,NA,NA,NA,"55",0,"SMI_20154055",2015,"Host tissue","Blood","EtOH 100%","Available","Chionoecetes opilio","SM","BS",1
"3-4",2015-08-12,"6",60.375,-173.9167,"M",64,NA,"Old","40","H7","No",82.73,-0.909487394081647,31.3269617757114,NA,NA,NA,NA,"56",0,"SMI_20154056",2015,"Host tissue","Blood","EtOH 100%","Available","Chionoecetes opilio","SM","BS",1
"2-16",2015-08-12,"7",60.375,-173.74995,"M",77.8,11.6,"New","40","C6","No",73.42,-0.797462885795831,NA,NA,NA,NA,NA,"43",0,"SMI_20154043",2015,"Host tissue","Blood","EtOH 100%","Available","Chionoecetes opilio","SM","BS",1
"3-5",2015-08-12,"15",60.29165,-173.916725,"M",54,NA,"New","40","A8","No",89.86,-0.957151777842419,31.6120787715093,NA,NA,NA,NA,"57",0,"SMI_20154057",2015,"Host tissue","Blood","EtOH 100%","Available","Chionoecetes opilio","SM","BS",1
"3-6",2015-08-12,"15",60.29165,-173.916725,"M",72.9,16.6,"Old","40","B8","No",89.86,-0.957151777842419,31.6120787715093,NA,NA,NA,NA,"58",0,"SMI_20154058",2015,"Host tissue","Blood","EtOH 100%","Available","Chionoecetes opilio","SM","BS",1
"3-7",2015-08-12,"15",60.29165,-173.916725,"M",54,NA,"New","40","C8","No",89.86,-0.957151777842419,31.6120787715093,NA,NA,NA,NA,"59",0,"SMI_20154059",2015,"Host tissue","Blood","EtOH 100%","Available","Chionoecetes opilio","SM","BS",1
"3-8",2015-08-12,"15",60.29165,-173.916725,"M",58,NA,"New","40","D8","No",89.86,-0.957151777842419,31.6120787715093,NA,NA,NA,NA,"60",0,"SMI_20154060",2015,"Host tissue","Blood","EtOH 100%","Available","Chionoecetes opilio","SM","BS",1
"3-9",2015-08-12,"15",60.29165,-173.916725,"M",71.4,15.5,"New","40","E8","No",89.86,-0.957151777842419,31.6120787715093,NA,NA,NA,NA,"61",0,"SMI_20154061",2015,"Host tissue","Blood","EtOH 100%","Available","Chionoecetes opilio","SM","BS",1
"2-14",2015-08-12,"16",60.291675,-173.75005,"M",68,NA,"Old","40","A6","No",78.29,-0.555471510956623,31.6231769661536,NA,NA,NA,NA,"41",0,"SMI_20154041",2015,"Host tissue","Blood","EtOH 100%","Available","Chionoecetes opilio","SM","BS",1
"3-10",2015-08-13,"8",60.375,-173.583275,"M",87.3,20,"Old","40","G8","No",65.51,0.591531783579756,NA,NA,NA,NA,NA,"63",0,"SMI_20154063",2015,"Host tissue","Blood","EtOH 100%","Available","Chionoecetes opilio","SM","BS",1
"3-11",2015-08-13,"8",60.375,-173.583275,"M",73.2,15.4,"New","40","H8","No",65.51,0.591531783579756,NA,NA,NA,NA,NA,"64",1,"SMI_20154064",2015,"Host tissue","Blood","EtOH 100%","Available","Chionoecetes opilio","SM","BS",1
"3-12",2015-08-13,"8",60.375,-173.583275,"M",80.4,20,"New","40","A9","No",65.51,0.591531783579756,NA,NA,NA,NA,NA,"65",0,"SMI_20154065",2015,"Host tissue","Blood","EtOH 100%","Available","Chionoecetes opilio","SM","BS",1
"3-13",2015-08-13,"8",60.375,-173.583275,"M",81.1,19.1,"New","40","D9","No",65.51,0.591531783579756,NA,NA,NA,NA,NA,"68",0,"SMI_20154068",2015,"Host tissue","Blood","EtOH 100%","Available","Chionoecetes opilio","SM","BS",1
"3-14",2015-08-13,"8",60.375,-173.583275,"M",65.2,13.4,"Very Old","40","C9","No",65.51,0.591531783579756,NA,NA,NA,NA,NA,"67",1,"SMI_20154067",2015,"Host tissue","Blood","EtOH 100%","Available","Chionoecetes opilio","SM","BS",1
"3-15",2015-08-13,"8",60.375,-173.583275,"M",72.9,11.1,"Old","40","B9","No",65.51,0.591531783579756,NA,NA,NA,NA,NA,"66",0,"SMI_20154066",2015,"Host tissue","Blood","EtOH 100%","Available","Chionoecetes opilio","SM","BS",1
"3-17",2015-08-16,"72",60.041675,-172.250075,"F",53,NA,"New","40","F9","No",65.99,0.0742134793759738,31.3948121899955,NA,NA,NA,NA,"70",0,"SMI_20154070",2015,"Host tissue","Blood","EtOH 100%","Available","Chionoecetes opilio","SM","BS",1
"3-18",2015-08-16,"72",60.041675,-172.250075,"M",75.6,17,"New","40","G9","No",65.99,0.0742134793759738,31.3948121899955,NA,NA,NA,NA,"71",0,"SMI_20154071",2015,"Host tissue","Blood","EtOH 100%","Available","Chionoecetes opilio","SM","BS",1
"3-19",2015-08-16,"72",60.041675,-172.250075,"M",55,NA,"New","40","H9","No",65.99,0.0742134793759738,31.3948121899955,NA,NA,NA,NA,"72",0,"SMI_20154072",2015,"Host tissue","Blood","EtOH 100%","Available","Chionoecetes opilio","SM","BS",1
"4-25",2015-08-16,"83",59.958325,-172.41645,"M",91.1,19.5,"Old","41","A2","No",72.28,-0.266551137415912,31.6174050910557,NA,NA,NA,NA,"09",0,"SMI_20154109",2015,"Host tissue","Blood","EtOH 100%","Available","Chionoecetes opilio","SM","BS",1
"5-1",2015-08-16,"83",59.958325,-172.41645,"M",64,NA,"New","41","B2","No",72.28,-0.266551137415912,31.6174050910557,NA,NA,NA,NA,"10",0,"SMI_20154110",2015,"Host tissue","Blood","EtOH 100%","Available","Chionoecetes opilio","SM","BS",1
"5-2",2015-08-16,"83",59.958325,-172.41645,"M",56,NA,"New","41","C2","No",72.28,-0.266551137415912,31.6174050910557,NA,NA,NA,NA,"11",1,"SMI_20154111",2015,"Host tissue","Blood","EtOH 100%","Available","Chionoecetes opilio","SM","BS",1
"5-3",2015-08-16,"83",59.958325,-172.41645,"M",83.3,18.8,"Old","41","D2","No",72.28,-0.266551137415912,31.6174050910557,NA,NA,NA,NA,"12",0,"SMI_20154112",2015,"Host tissue","Blood","EtOH 100%","Available","Chionoecetes opilio","SM","BS",1
"5-4",2015-08-16,"83",59.958325,-172.41645,"M",48,NA,"New","41","E2","No",72.28,-0.266551137415912,31.6174050910557,NA,NA,NA,NA,"13",0,"SMI_20154113",2015,"Host tissue","Blood","EtOH 100%","Available","Chionoecetes opilio","SM","BS",1
"5-6",2015-08-16,"83",59.958325,-172.41645,"M",77.8,16.2,"New","41","G2","No",72.28,-0.266551137415912,31.6174050910557,NA,NA,NA,NA,"15",0,"SMI_20154115",2015,"Host tissue","Blood","EtOH 100%","Available","Chionoecetes opilio","SM","BS",1
"5-7",2015-08-16,"83",59.958325,-172.41645,"M",54,NA,"New","41","H2","No",72.28,-0.266551137415912,31.6174050910557,NA,NA,NA,NA,"16",0,"SMI_20154116",2015,"Host tissue","Blood","EtOH 100%","Available","Chionoecetes opilio","SM","BS",1
"5-8",2015-08-16,"83",59.958325,-172.41645,"F",55,NA,"New","41","B3","No",72.28,-0.266551137415912,31.6174050910557,NA,NA,NA,NA,"18",0,"SMI_20154118",2015,"Host tissue","Blood","EtOH 100%","Available","Chionoecetes opilio","SM","BS",1
"5-9",2015-08-16,"83",59.958325,-172.41645,"M",57,NA,"New","41","A3","No",72.28,-0.266551137415912,31.6174050910557,NA,NA,NA,NA,"17",0,"SMI_20154117",2015,"Host tissue","Blood","EtOH 100%","Available","Chionoecetes opilio","SM","BS",1
"5-10",2015-08-16,"83",59.958325,-172.41645,"F",55,NA,"New","41","C3","No",72.28,-0.266551137415912,31.6174050910557,NA,NA,NA,NA,"19",0,"SMI_20154119",2015,"Host tissue","Blood","EtOH 100%","Available","Chionoecetes opilio","SM","BS",1
"5-11",2015-08-16,"83",59.958325,-172.41645,"F",55,NA,"New","41","E3","No",72.28,-0.266551137415912,31.6174050910557,NA,NA,NA,NA,"21",0,"SMI_20154121",2015,"Host tissue","Blood","EtOH 100%","Available","Chionoecetes opilio","SM","BS",1
"3-20",2015-08-16,"84",59.958275,-172.2502,"M",85.5,19.1,"Old","40","A10","No",70.92,-0.251850285522105,NA,NA,NA,NA,NA,"73",0,"SMI_20154073",2015,"Host tissue","Blood","EtOH 100%","Available","Chionoecetes opilio","SM","BS",1
"3-21",2015-08-16,"84",59.958275,-172.2502,"M",71.9,16.2,"New","40","C10","No",70.92,-0.251850285522105,NA,NA,NA,NA,NA,"75",0,"SMI_20154075",2015,"Host tissue","Blood","EtOH 100%","Available","Chionoecetes opilio","SM","BS",1
"3-22",2015-08-16,"84",59.958275,-172.2502,"M",70.9,15.9,"New","40","D10","No",70.92,-0.251850285522105,NA,NA,NA,NA,NA,"76",0,"SMI_20154076",2015,"Host tissue","Blood","EtOH 100%","Available","Chionoecetes opilio","SM","BS",1
"3-23",2015-08-16,"84",59.958275,-172.2502,"F",57,NA,"New","40","E10","No",70.92,-0.251850285522105,NA,NA,NA,NA,NA,"77",0,"SMI_20154077",2015,"Host tissue","Blood","EtOH 100%","Available","Chionoecetes opilio","SM","BS",1
"3-24",2015-08-16,"84",59.958275,-172.2502,"M",61,NA,"New","40","F10","No",70.92,-0.251850285522105,NA,NA,NA,NA,NA,"78",0,"SMI_20154078",2015,"Host tissue","Blood","EtOH 100%","Available","Chionoecetes opilio","SM","BS",1
"3-25",2015-08-16,"84",59.958275,-172.2502,"M",76.4,17.3,"New","40","G10","No",70.92,-0.251850285522105,NA,NA,NA,NA,NA,"79",0,"SMI_20154079",2015,"Host tissue","Blood","EtOH 100%","Available","Chionoecetes opilio","SM","BS",1
"4-1",2015-08-16,"84",59.958275,-172.2502,"F",55,NA,"New","40","H10","No",70.92,-0.251850285522105,NA,NA,NA,NA,NA,"80",0,"SMI_20154080",2015,"Host tissue","Blood","EtOH 100%","Available","Chionoecetes opilio","SM","BS",1
"4-2",2015-08-16,"84",59.958275,-172.2502,"M",67,NA,"New","40","A11","No",70.92,-0.251850285522105,NA,NA,NA,NA,NA,"81",0,"SMI_20154081",2015,"Host tissue","Blood","EtOH 100%","Available","Chionoecetes opilio","SM","BS",1
"4-3",2015-08-16,"84",59.958275,-172.2502,"M",73.4,16,"Old","40","B11","No",70.92,-0.251850285522105,NA,NA,NA,NA,NA,"82",0,"SMI_20154082",2015,"Host tissue","Blood","EtOH 100%","Available","Chionoecetes opilio","SM","BS",1
"4-4",2015-08-16,"84",59.958275,-172.2502,"M",73.7,16.7,"New","40","C11","No",70.92,-0.251850285522105,NA,NA,NA,NA,NA,"83",0,"SMI_20154083",2015,"Host tissue","Blood","EtOH 100%","Available","Chionoecetes opilio","SM","BS",1
"4-5",2015-08-16,"84",59.958275,-172.2502,"M",88.3,20.4,"Old","40","D11","No",70.92,-0.251850285522105,NA,NA,NA,NA,NA,"84",0,"SMI_20154084",2015,"Host tissue","Blood","EtOH 100%","Available","Chionoecetes opilio","SM","BS",1
"4-6",2015-08-16,"84",59.958275,-172.2502,"M",65,NA,"New","40","E11","No",70.92,-0.251850285522105,NA,NA,NA,NA,NA,"85",0,"SMI_20154085",2015,"Host tissue","Blood","EtOH 100%","Available","Chionoecetes opilio","SM","BS",1
"4-7",2015-08-16,"84",59.958275,-172.2502,"M",70.8,16.4,"New","40","F11","No",70.92,-0.251850285522105,NA,NA,NA,NA,NA,"86",0,"SMI_20154086",2015,"Host tissue","Blood","EtOH 100%","Available","Chionoecetes opilio","SM","BS",1
"4-8",2015-08-16,"85",59.958325,-172.0831,"M",78.7,18.7,"New","40","G11","No",72.74,-0.237207667505476,31.6373168026123,NA,NA,NA,NA,"87",0,"SMI_20154087",2015,"Host tissue","Blood","EtOH 100%","Available","Chionoecetes opilio","SM","BS",1
"4-9",2015-08-16,"95",59.875,-172.416275,"M",74.7,15.9,"New","40","H11","No",76.23,-0.532174995658516,31.446409600411,NA,NA,NA,NA,"88",0,"SMI_20154088",2015,"Host tissue","Blood","EtOH 100%","Available","Chionoecetes opilio","SM","BS",1
"4-10",2015-08-16,"95",59.875,-172.416275,"F",61,NA,"New","40","B12","No",76.23,-0.532174995658516,31.446409600411,NA,NA,NA,NA,"90",0,"SMI_20154090",2015,"Host tissue","Blood","EtOH 100%","Available","Chionoecetes opilio","SM","BS",1
"4-11",2015-08-16,"95",59.875,-172.416275,"M",88.1,21.2,"Old","40","C12","No",76.23,-0.532174995658516,31.446409600411,NA,NA,NA,NA,"91",0,"SMI_20154091",2015,"Host tissue","Blood","EtOH 100%","Available","Chionoecetes opilio","SM","BS",1
"4-12",2015-08-16,"95",59.875,-172.416275,"M",77.1,16.8,"New","40","D12","No",76.23,-0.532174995658516,31.446409600411,NA,NA,NA,NA,"92",0,"SMI_20154092",2015,"Host tissue","Blood","EtOH 100%","Available","Chionoecetes opilio","SM","BS",1
"4-13",2015-08-16,"95",59.875,-172.416275,"M",71.2,16.8,"New","40","E12","No",76.23,-0.532174995658516,31.446409600411,NA,NA,NA,NA,"93",0,"SMI_20154093",2015,"Host tissue","Blood","EtOH 100%","Available","Chionoecetes opilio","SM","BS",1
"4-14",2015-08-16,"95",59.875,-172.416275,"M",82.1,19.7,"Old","40","F12","No",76.23,-0.532174995658516,31.446409600411,NA,NA,NA,NA,"94",0,"SMI_20154094",2015,"Host tissue","Blood","EtOH 100%","Available","Chionoecetes opilio","SM","BS",1
"4-15",2015-08-16,"95",59.875,-172.416275,"M",60,NA,"New","40","G12","No",76.23,-0.532174995658516,31.446409600411,NA,NA,NA,NA,"95",0,"SMI_20154095",2015,"Host tissue","Blood","EtOH 100%","Available","Chionoecetes opilio","SM","BS",1
"4-16",2015-08-16,"95",59.875,-172.416275,"M",58,NA,"New","40","H12","No",76.23,-0.532174995658516,31.446409600411,NA,NA,NA,NA,"96",0,"SMI_20154096",2015,"Host tissue","Blood","EtOH 100%","Available","Chionoecetes opilio","SM","BS",1
"4-17",2015-08-16,"95",59.875,-172.416275,"M",77.1,17.6,"Old","41","B1","No",76.23,-0.532174995658516,31.446409600411,NA,NA,NA,NA,"02",0,"SMI_20154102",2015,"Host tissue","Blood","EtOH 100%","Available","Chionoecetes opilio","SM","BS",1
"4-18",2015-08-16,"95",59.875,-172.416275,"M",62,NA,"New","41","A1","No",76.23,-0.532174995658516,31.446409600411,NA,NA,NA,NA,"01",0,"SMI_20154101",2015,"Host tissue","Blood","EtOH 100%","Available","Chionoecetes opilio","SM","BS",1
"4-19",2015-08-16,"95",59.875,-172.416275,"M",59,NA,"New","41","C1","No",76.23,-0.532174995658516,31.446409600411,NA,NA,NA,NA,"03",0,"SMI_20154103",2015,"Host tissue","Blood","EtOH 100%","Available","Chionoecetes opilio","SM","BS",1
"4-20",2015-08-16,"95",59.875,-172.416275,"F",58,NA,"New","41","D1","No",76.23,-0.532174995658516,31.446409600411,NA,NA,NA,NA,"04",0,"SMI_20154104",2015,"Host tissue","Blood","EtOH 100%","Available","Chionoecetes opilio","SM","BS",1
"4-21",2015-08-16,"95",59.875,-172.416275,"M",59,NA,"New","41","E1","No",76.23,-0.532174995658516,31.446409600411,NA,NA,NA,NA,"05",0,"SMI_20154105",2015,"Host tissue","Blood","EtOH 100%","Available","Chionoecetes opilio","SM","BS",1
"4-22",2015-08-16,"95",59.875,-172.416275,"F",51,NA,"New","41","F1","No",76.23,-0.532174995658516,31.446409600411,NA,NA,NA,NA,"06",0,"SMI_20154106",2015,"Host tissue","Blood","EtOH 100%","Available","Chionoecetes opilio","SM","BS",1
"4-23",2015-08-16,"95",59.875,-172.416275,"F",55,NA,"New","41","G1","No",76.23,-0.532174995658516,31.446409600411,NA,NA,NA,NA,"07",0,"SMI_20154107",2015,"Host tissue","Blood","EtOH 100%","Available","Chionoecetes opilio","SM","BS",1
"4-24",2015-08-16,"95",59.875,-172.416275,"F",63,NA,"New","41","H1","No",76.23,-0.532174995658516,31.446409600411,NA,NA,NA,NA,"08",0,"SMI_20154108",2015,"Host tissue","Blood","EtOH 100%","Available","Chionoecetes opilio","SM","BS",1
"5-12",2015-08-21,"173",60.708325,-172.417075,"M",60,NA,"New","41","F3","No",58.91,0.950855385751204,31.2464804821241,NA,NA,NA,NA,"22",0,"SMI_20154122",2015,"Host tissue","Blood","EtOH 100%","Available","Chionoecetes opilio","SM","BS",1
"5-13",2015-08-21,"173",60.708325,-172.417075,"M",49,NA,"New","41","G3","No",58.91,0.950855385751204,31.2464804821241,NA,NA,NA,NA,"23",1,"SMI_20154123",2015,"Host tissue","Blood","EtOH 100%","Available","Chionoecetes opilio","SM","BS",1
"5-14",2015-08-21,"173",60.708325,-172.417075,"M",52,NA,"New","41","H3","No",58.91,0.950855385751204,31.2464804821241,NA,NA,NA,NA,"24",0,"SMI_20154124",2015,"Host tissue","Blood","EtOH 100%","Available","Chionoecetes opilio","SM","BS",1
"5-15",2015-08-21,"173",60.708325,-172.417075,"M",51,NA,"New","41","A4","No",58.91,0.950855385751204,31.2464804821241,NA,NA,NA,NA,"25",0,"SMI_20154125",2015,"Host tissue","Blood","EtOH 100%","Available","Chionoecetes opilio","SM","BS",1
"5-17",2015-08-27,"SC pots",59.8804166666667,-172.418166666667,"M",93.6,24,"Old","41","C4","No",76.3141474958364,-0.707309325400881,31.4711056582826,"Special SC pots",NA,NA,NA,"27",0,"SMI_20154127",2015,"Host tissue","Blood","EtOH 100%","Available","Chionoecetes opilio","SM","BS",1
"5-18",2015-08-27,"SC pots",59.8804166666667,-172.418166666667,"M",81.3,19.2,"New","41","D4","No",76.3141474958364,-0.707309325400881,31.4711056582826,"Special SC pots",NA,NA,NA,"28",1,"SMI_20154128",2015,"Host tissue","Blood","EtOH 100%","Available","Chionoecetes opilio","SM","BS",1
"5-20",2015-08-27,"SC pots",59.8804166666667,-172.418166666667,"M",71.7,15.9,"Old","41","F4","No",76.3141474958364,-0.707309325400881,31.4711056582826,"Special SC pots",NA,NA,NA,"30",0,"SMI_20154130",2015,"Host tissue","Blood","EtOH 100%","Available","Chionoecetes opilio","SM","BS",1
"5-21",2015-08-27,"SC pots",59.8804166666667,-172.418166666667,"M",73.6,16.1,"Old","41","G4","No",76.3141474958364,-0.707309325400881,31.4711056582826,"Special SC pots",NA,NA,NA,"31",1,"SMI_20154131",2015,"Host tissue","Blood","EtOH 100%","Available","Chionoecetes opilio","SM","BS",1
"5-22",2015-08-27,"SC pots",59.8804166666667,-172.418166666667,"M",75.7,15.8,"Old","41","H4","No",76.3141474958364,-0.707309325400881,31.4711056582826,"Special SC pots",NA,NA,NA,"32",0,"SMI_20154132",2015,"Host tissue","Blood","EtOH 100%","Available","Chionoecetes opilio","SM","BS",1
"5-23",2015-08-27,"SC pots",59.8804166666667,-172.418166666667,"M",64,NA,"New","41","A5","No",76.3141474958364,-0.707309325400881,31.4711056582826,"Special SC pots",NA,NA,NA,"33",0,"SMI_20154133",2015,"Host tissue","Blood","EtOH 100%","Available","Chionoecetes opilio","SM","BS",1
"5-24",2015-08-27,"SC pots",59.8804166666667,-172.418166666667,"M",71,14.5,"New","41","B5","No",76.3141474958364,-0.707309325400881,31.4711056582826,"Special SC pots",NA,NA,NA,"34",0,"SMI_20154134",2015,"Host tissue","Blood","EtOH 100%","Available","Chionoecetes opilio","SM","BS",1
"5-25",2015-08-27,"SC pots",59.8804166666667,-172.418166666667,"M",72.8,16.1,"New","41","C5","No",76.3141474958364,-0.707309325400881,31.4711056582826,"Special SC pots",NA,NA,NA,"35",0,"SMI_20154135",2015,"Host tissue","Blood","EtOH 100%","Available","Chionoecetes opilio","SM","BS",1
"6-1",2015-08-27,"SC pots",59.8804166666667,-172.418166666667,"M",61,NA,"New","41","D5","No",76.3141474958364,-0.707309325400881,31.4711056582826,"Special SC pots",NA,NA,NA,"36",0,"SMI_20154136",2015,"Host tissue","Blood","EtOH 100%","Available","Chionoecetes opilio","SM","BS",1
"6-2",2015-08-27,"SC pots",59.8804166666667,-172.418166666667,"M",66,NA,"New","41","E5","No",76.3141474958364,-0.707309325400881,31.4711056582826,"Special SC pots",NA,NA,NA,"37",0,"SMI_20154137",2015,"Host tissue","Blood","EtOH 100%","Available","Chionoecetes opilio","SM","BS",1
"6-3",2015-08-27,"SC pots",59.8804166666667,-172.418166666667,"M",66,NA,"Old","41","F5","No",76.3141474958364,-0.707309325400881,31.4711056582826,"Special SC pots",NA,NA,NA,"38",0,"SMI_20154138",2015,"Host tissue","Blood","EtOH 100%","Available","Chionoecetes opilio","SM","BS",1
"6-4",2015-08-27,"SC pots",59.8804166666667,-172.418166666667,"M",74,15.5,"New","41","H5","No",76.3141474958364,-0.707309325400881,31.4711056582826,"Special SC pots",NA,NA,NA,"40",0,"SMI_20154140",2015,"Host tissue","Blood","EtOH 100%","Available","Chionoecetes opilio","SM","BS",1
"6-5",2015-08-27,"SC pots",59.8804166666667,-172.418166666667,"M",71,14.4,"New","41","A6","No",76.3141474958364,-0.707309325400881,31.4711056582826,"Special SC pots",NA,NA,NA,"41",0,"SMI_20154141",2015,"Host tissue","Blood","EtOH 100%","Available","Chionoecetes opilio","SM","BS",1
"6-6",2015-08-27,"SC pots",59.8804166666667,-172.418166666667,"M",68,NA,"New","41","B7","No",76.3141474958364,-0.707309325400881,31.4711056582826,"Special SC pots",NA,NA,NA,"50",0,"SMI_20154150",2015,"Host tissue","Blood","EtOH 100%","Available","Chionoecetes opilio","SM","BS",1
"6-7",2015-08-27,"SC pots",59.8804166666667,-172.418166666667,"M",78.1,17.3,"Old","41","C6","No",76.3141474958364,-0.707309325400881,31.4711056582826,"Special SC pots",NA,NA,NA,"43",0,"SMI_20154143",2015,"Host tissue","Blood","EtOH 100%","Available","Chionoecetes opilio","SM","BS",1
"6-8",2015-08-27,"SC pots",59.8804166666667,-172.418166666667,"F",50,NA,"New","41","D6","No",76.3141474958364,-0.707309325400881,31.4711056582826,"Special SC pots",NA,NA,NA,"44",0,"SMI_20154144",2015,"Host tissue","Blood","EtOH 100%","Available","Chionoecetes opilio","SM","BS",1
"6-9",2015-08-27,"SC pots",59.8804166666667,-172.418166666667,"M",66,NA,"New","41","E6","No",76.3141474958364,-0.707309325400881,31.4711056582826,"Special SC pots",NA,NA,NA,"45",0,"SMI_20154145",2015,"Host tissue","Blood","EtOH 100%","Available","Chionoecetes opilio","SM","BS",1
"6-10",2015-08-27,"SC pots",59.8804166666667,-172.418166666667,"M",78,17.6,"New","41","F6","No",76.3141474958364,-0.707309325400881,31.4711056582826,"Special SC pots",NA,NA,NA,"46",0,"SMI_20154146",2015,"Host tissue","Blood","EtOH 100%","Available","Chionoecetes opilio","SM","BS",1
"6-11",2015-08-27,"SC pots",59.8804166666667,-172.418166666667,"M",57,NA,"New","41","G6","No",76.3141474958364,-0.707309325400881,31.4711056582826,"Special SC pots",NA,NA,NA,"47",1,"SMI_20154147",2015,"Host tissue","Blood","EtOH 100%","Available","Chionoecetes opilio","SM","BS",1
"6-12",2015-08-27,"SC pots",59.8804166666667,-172.418166666667,"M",65,NA,"New","41","H6","No",76.3141474958364,-0.707309325400881,31.4711056582826,"Special SC pots",NA,NA,NA,"48",0,"SMI_20154148",2015,"Host tissue","Blood","EtOH 100%","Available","Chionoecetes opilio","SM","BS",1
"6-13",2015-08-27,"SC pots",59.8804166666667,-172.418166666667,"M",69,NA,"New","41","A7","No",76.3141474958364,-0.707309325400881,31.4711056582826,"Special SC pots",NA,NA,NA,"49",0,"SMI_20154149",2015,"Host tissue","Blood","EtOH 100%","Available","Chionoecetes opilio","SM","BS",1
"6-14",2015-08-27,"SC pots",59.8804166666667,-172.418166666667,"M",64,NA,"New","41","B6","No",76.3141474958364,-0.707309325400881,31.4711056582826,"Special SC pots",NA,NA,NA,"42",0,"SMI_20154142",2015,"Host tissue","Blood","EtOH 100%","Available","Chionoecetes opilio","SM","BS",1
"6-15",2015-08-27,"SC pots",59.8804166666667,-172.418166666667,"M",59,NA,"New","41","C7","No",76.3141474958364,-0.707309325400881,31.4711056582826,"Special SC pots",NA,NA,NA,"51",0,"SMI_20154151",2015,"Host tissue","Blood","EtOH 100%","Available","Chionoecetes opilio","SM","BS",1
"6-16",2015-08-27,"SC pots",59.8804166666667,-172.418166666667,"M",68,NA,"New","41","D7","No",76.3141474958364,-0.707309325400881,31.4711056582826,"Special SC pots",NA,NA,NA,"52",0,"SMI_20154152",2015,"Host tissue","Blood","EtOH 100%","Available","Chionoecetes opilio","SM","BS",1
"6-17",2015-08-27,"SC pots",59.8804166666667,-172.418166666667,"M",95.7,23.5,"New","41","E7","No",76.3141474958364,-0.707309325400881,31.4711056582826,"Special SC pots",NA,NA,NA,"53",0,"SMI_20154153",2015,"Host tissue","Blood","EtOH 100%","Available","Chionoecetes opilio","SM","BS",1
"6-18",2015-08-27,"SC pots",59.8804166666667,-172.418166666667,"M",73,16.9,"New","41","F7","No",76.3141474958364,-0.707309325400881,31.4711056582826,"Special SC pots",NA,NA,NA,"54",0,"SMI_20154154",2015,"Host tissue","Blood","EtOH 100%","Available","Chionoecetes opilio","SM","BS",1
"6-19",2015-08-27,"SC pots",59.8804166666667,-172.418166666667,"M",67,NA,"New","41","G7","No",76.3141474958364,-0.707309325400881,31.4711056582826,"Special SC pots",NA,NA,NA,"55",0,"SMI_20154155",2015,"Host tissue","Blood","EtOH 100%","Available","Chionoecetes opilio","SM","BS",1
"6-20",2015-08-27,"SC pots",59.8804166666667,-172.418166666667,"M",88.6,20.5,"New","41","H7","No",76.3141474958364,-0.707309325400881,31.4711056582826,"Special SC pots",NA,NA,NA,"56",0,"SMI_20154156",2015,"Host tissue","Blood","EtOH 100%","Available","Chionoecetes opilio","SM","BS",1
"6-21",2015-08-27,"SC pots",59.8804166666667,-172.418166666667,"M",90.6,20.5,"New","41","A8","No",76.3141474958364,-0.707309325400881,31.4711056582826,"Special SC pots",NA,NA,NA,"57",0,"SMI_20154157",2015,"Host tissue","Blood","EtOH 100%","Available","Chionoecetes opilio","SM","BS",1
"6-22",2015-08-27,"SC pots",59.8804166666667,-172.418166666667,"M",60,NA,"Old","41","B8","No",76.3141474958364,-0.707309325400881,31.4711056582826,"Special SC pots",NA,NA,NA,"58",1,"SMI_20154158",2015,"Host tissue","Blood","EtOH 100%","Available","Chionoecetes opilio","SM","BS",1
"6-23",2015-08-27,"SC pots",59.8804166666667,-172.418166666667,"M",89,20.4,"New","41","C8","No",76.3141474958364,-0.707309325400881,31.4711056582826,"Special SC pots",NA,NA,NA,"59",0,"SMI_20154159",2015,"Host tissue","Blood","EtOH 100%","Available","Chionoecetes opilio","SM","BS",1
"6-24",2015-08-27,"SC pots",59.8804166666667,-172.418166666667,"M",62,NA,"New","41","D8","No",76.3141474958364,-0.707309325400881,31.4711056582826,"Special SC pots",NA,NA,NA,"60",1,"SMI_20154160",2015,"Host tissue","Blood","EtOH 100%","Available","Chionoecetes opilio","SM","BS",1
"6-25",2015-08-27,"SC pots",59.8804166666667,-172.418166666667,"M",72.1,15.6,"Old","41","E8","No",76.3141474958364,-0.707309325400881,31.4711056582826,"Special SC pots",NA,NA,NA,"61",0,"SMI_20154161",2015,"Host tissue","Blood","EtOH 100%","Available","Chionoecetes opilio","SM","BS",1
"7-1",2015-08-27,"SC pots",59.8804166666667,-172.418166666667,"M",70,13.9,"New","41","G8","No",76.3141474958364,-0.707309325400881,31.4711056582826,"Special SC pots",NA,NA,NA,"63",0,"SMI_20154163",2015,"Host tissue","Blood","EtOH 100%","Available","Chionoecetes opilio","SM","BS",1
"7-2",2015-08-27,"SC pots",59.8804166666667,-172.418166666667,"M",67,NA,"New","41","H8","No",76.3141474958364,-0.707309325400881,31.4711056582826,"Special SC pots",NA,NA,NA,"64",0,"SMI_20154164",2015,"Host tissue","Blood","EtOH 100%","Available","Chionoecetes opilio","SM","BS",1
"7-3",2015-08-27,"SC pots",59.8804166666667,-172.418166666667,"M",81.5,17.7,"New","41","A9","No",76.3141474958364,-0.707309325400881,31.4711056582826,"Special SC pots",NA,NA,NA,"65",0,"SMI_20154165",2015,"Host tissue","Blood","EtOH 100%","Available","Chionoecetes opilio","SM","BS",1
"7-4",2015-08-27,"SC pots",59.8804166666667,-172.418166666667,"M",79.7,15.5,"New","41","B9","No",76.3141474958364,-0.707309325400881,31.4711056582826,"Special SC pots",NA,NA,NA,"66",1,"SMI_20154166",2015,"Host tissue","Blood","EtOH 100%","Available","Chionoecetes opilio","SM","BS",1
"7-5",2015-08-27,"SC pots",59.8804166666667,-172.418166666667,"M",69.8,15.7,"New","41","C9","No",76.3141474958364,-0.707309325400881,31.4711056582826,"Special SC pots",NA,NA,NA,"67",0,"SMI_20154167",2015,"Host tissue","Blood","EtOH 100%","Available","Chionoecetes opilio","SM","BS",1
"7-6",2015-08-27,"SC pots",59.8804166666667,-172.418166666667,"F",50,NA,"New","41","D9","No",76.3141474958364,-0.707309325400881,31.4711056582826,"Special SC pots",NA,NA,NA,"68",0,"SMI_20154168",2015,"Host tissue","Blood","EtOH 100%","Available","Chionoecetes opilio","SM","BS",1
"7-7",2015-08-27,"SC pots",59.8804166666667,-172.418166666667,"F",51,NA,"New","41","E9","No",76.3141474958364,-0.707309325400881,31.4711056582826,"Special SC pots",NA,NA,NA,"69",0,"SMI_20154169",2015,"Host tissue","Blood","EtOH 100%","Available","Chionoecetes opilio","SM","BS",1
"7-8",2015-08-27,"SC pots",59.8804166666667,-172.418166666667,"M",71.5,11.3,"Old","41","F9","No",76.3141474958364,-0.707309325400881,31.4711056582826,"Special SC pots",NA,NA,NA,"70",0,"SMI_20154170",2015,"Host tissue","Blood","EtOH 100%","Available","Chionoecetes opilio","SM","BS",1
"7-9",2015-08-27,"SC pots",59.8804166666667,-172.418166666667,"M",72.4,14.7,"New","41","G9","No",76.3141474958364,-0.707309325400881,31.4711056582826,"Special SC pots",NA,NA,NA,"71",0,"SMI_20154171",2015,"Host tissue","Blood","EtOH 100%","Available","Chionoecetes opilio","SM","BS",1
"7-10",2015-08-27,"SC pots",59.8804166666667,-172.418166666667,"F",55,NA,"New","41","H9","No",76.3141474958364,-0.707309325400881,31.4711056582826,"Special SC pots",NA,NA,NA,"72",0,"SMI_20154172",2015,"Host tissue","Blood","EtOH 100%","Available","Chionoecetes opilio","SM","BS",1
"7-11",2015-08-27,"SC pots",59.8804166666667,-172.418166666667,"M",74.4,17,"New","41","A10","No",76.3141474958364,-0.707309325400881,31.4711056582826,"Special SC pots",NA,NA,NA,"73",0,"SMI_20154173",2015,"Host tissue","Blood","EtOH 100%","Available","Chionoecetes opilio","SM","BS",1
"7-12",2015-08-27,"SC pots",59.8804166666667,-172.418166666667,"M",81,18.3,"New","41","C10","No",76.3141474958364,-0.707309325400881,31.4711056582826,"Special SC pots",NA,NA,NA,"75",0,"SMI_20154175",2015,"Host tissue","Blood","EtOH 100%","Available","Chionoecetes opilio","SM","BS",1
"7-14",2015-08-27,"SC pots",59.8804166666667,-172.418166666667,"M",72.4,16.7,"New","41","E10","No",76.3141474958364,-0.707309325400881,31.4711056582826,"Special SC pots",NA,NA,NA,"77",0,"SMI_20154177",2015,"Host tissue","Blood","EtOH 100%","Available","Chionoecetes opilio","SM","BS",1
"7-15",2015-08-27,"SC pots",59.8804166666667,-172.418166666667,"M",68,NA,"Old","41","F10","No",76.3141474958364,-0.707309325400881,31.4711056582826,"Special SC pots",NA,NA,NA,"78",0,"SMI_20154178",2015,"Host tissue","Blood","EtOH 100%","Available","Chionoecetes opilio","SM","BS",1
"7-16",2015-08-27,"SC pots",59.8804166666667,-172.418166666667,"M",72.6,15.2,"New","41","G10","No",76.3141474958364,-0.707309325400881,31.4711056582826,"Special SC pots",NA,NA,NA,"79",0,"SMI_20154179",2015,"Host tissue","Blood","EtOH 100%","Available","Chionoecetes opilio","SM","BS",1
"7-17",2015-08-27,"SC pots",59.8804166666667,-172.418166666667,"M",77.2,12,"New","41","H10","No",76.3141474958364,-0.707309325400881,31.4711056582826,"Special SC pots",NA,NA,NA,"80",0,"SMI_20154180",2015,"Host tissue","Blood","EtOH 100%","Available","Chionoecetes opilio","SM","BS",1
"7-18",2015-08-27,"SC pots",59.8804166666667,-172.418166666667,"M",82.3,18.5,"Old","41","A11","No",76.3141474958364,-0.707309325400881,31.4711056582826,"Special SC pots",NA,NA,NA,"81",0,"SMI_20154181",2015,"Host tissue","Blood","EtOH 100%","Available","Chionoecetes opilio","SM","BS",1
"7-19",2015-08-27,"SC pots",59.8804166666667,-172.418166666667,"F",60,NA,"New","41","B11","No",76.3141474958364,-0.707309325400881,31.4711056582826,"Special SC pots",NA,NA,NA,"82",0,"SMI_20154182",2015,"Host tissue","Blood","EtOH 100%","Available","Chionoecetes opilio","SM","BS",1
"7-20",2015-08-27,"SC pots",59.8804166666667,-172.418166666667,"M",69,NA,"New","41","C11","No",76.3141474958364,-0.707309325400881,31.4711056582826,"Special SC pots",NA,NA,NA,"83",0,"SMI_20154183",2015,"Host tissue","Blood","EtOH 100%","Available","Chionoecetes opilio","SM","BS",1
"7-21",2015-08-27,"SC pots",59.8804166666667,-172.418166666667,"M",70,14.8,"New","41","D11","No",76.3141474958364,-0.707309325400881,31.4711056582826,"Special SC pots",NA,NA,NA,"84",0,"SMI_20154184",2015,"Host tissue","Blood","EtOH 100%","Available","Chionoecetes opilio","SM","BS",1
"7-22",2015-08-27,"SC pots",59.8804166666667,-172.418166666667,"M",75.5,16.9,"Old","41","E11","No",76.3141474958364,-0.707309325400881,31.4711056582826,"Special SC pots",NA,NA,NA,"85",0,"SMI_20154185",2015,"Host tissue","Blood","EtOH 100%","Available","Chionoecetes opilio","SM","BS",1
"7-23",2015-08-27,"SC pots",59.8804166666667,-172.418166666667,"M",63,NA,"New","41","F11","No",76.3141474958364,-0.707309325400881,31.4711056582826,"Special SC pots",NA,NA,NA,"86",0,"SMI_20154186",2015,"Host tissue","Blood","EtOH 100%","Available","Chionoecetes opilio","SM","BS",1
"7-24",2015-08-27,"SC pots",59.8804166666667,-172.418166666667,"M",65,NA,"New","41","G11","No",76.3141474958364,-0.707309325400881,31.4711056582826,"Special SC pots",NA,NA,NA,"87",0,"SMI_20154187",2015,"Host tissue","Blood","EtOH 100%","Available","Chionoecetes opilio","SM","BS",1
"7-25",2015-08-27,"SC pots",59.8804166666667,-172.418166666667,"M",72.8,16,"New","41","H11","No",76.3141474958364,-0.707309325400881,31.4711056582826,"Special SC pots",NA,NA,NA,"88",0,"SMI_20154188",2015,"Host tissue","Blood","EtOH 100%","Available","Chionoecetes opilio","SM","BS",1
"8-1",2015-08-27,"SC pots",59.8804166666667,-172.418166666667,"F",54,NA,"New","41","B12","No",76.3141474958364,-0.707309325400881,31.4711056582826,"Special SC pots",NA,NA,NA,"90",0,"SMI_20154190",2015,"Host tissue","Blood","EtOH 100%","Available","Chionoecetes opilio","SM","BS",1
"8-2",2015-08-27,"SC pots",59.8804166666667,-172.418166666667,"F",63,NA,"New","41","C12","No",76.3141474958364,-0.707309325400881,31.4711056582826,"Special SC pots",NA,NA,NA,"91",0,"SMI_20154191",2015,"Host tissue","Blood","EtOH 100%","Available","Chionoecetes opilio","SM","BS",1
"8-3",2015-08-27,"SC pots",59.8804166666667,-172.418166666667,"F",59,NA,"New","41","D12","No",76.3141474958364,-0.707309325400881,31.4711056582826,"Special SC pots",NA,NA,NA,"92",0,"SMI_20154192",2015,"Host tissue","Blood","EtOH 100%","Available","Chionoecetes opilio","SM","BS",1
"8-4",2015-08-27,"SC pots",59.8804166666667,-172.418166666667,"M",67,NA,"New","41","E12","No",76.3141474958364,-0.707309325400881,31.4711056582826,"Special SC pots",NA,NA,NA,"93",0,"SMI_20154193",2015,"Host tissue","Blood","EtOH 100%","Available","Chionoecetes opilio","SM","BS",1
"8-5",2015-08-27,"SC pots",59.8804166666667,-172.418166666667,"M",61,NA,"New","41","F12","No",76.3141474958364,-0.707309325400881,31.4711056582826,"Special SC pots",NA,NA,NA,"94",0,"SMI_20154194",2015,"Host tissue","Blood","EtOH 100%","Available","Chionoecetes opilio","SM","BS",1
"8-6",2015-08-27,"SC pots",59.8804166666667,-172.418166666667,"F",52,NA,"New","41","G12","No",76.3141474958364,-0.707309325400881,31.4711056582826,"Special SC pots",NA,NA,NA,"95",0,"SMI_20154195",2015,"Host tissue","Blood","EtOH 100%","Available","Chionoecetes opilio","SM","BS",1
"8-7",2015-08-27,"SC pots",59.8804166666667,-172.418166666667,"F",52,NA,"New","41","H12","No",76.3141474958364,-0.707309325400881,31.4711056582826,"Special SC pots",NA,NA,NA,"96",0,"SMI_20154196",2015,"Host tissue","Blood","EtOH 100%","Available","Chionoecetes opilio","SM","BS",1
"8-8",2015-08-27,"SC pots",59.8804166666667,-172.418166666667,"M",71.5,15,"New","43","A1","No",76.3141474958364,-0.707309325400881,31.4711056582826,"Special SC pots",NA,NA,NA,"01",1,"SMI_20154301",2015,"Host tissue","Blood","EtOH 100%","Available","Chionoecetes opilio","SM","BS",1
"8-9",2015-08-27,"SC pots",59.8804166666667,-172.418166666667,"M",87.1,21.7,"New","43","B1","No",76.3141474958364,-0.707309325400881,31.4711056582826,"Special SC pots",NA,NA,NA,"02",0,"SMI_20154302",2015,"Host tissue","Blood","EtOH 100%","Available","Chionoecetes opilio","SM","BS",1
"8-10",2015-08-27,"SC pots",59.8804166666667,-172.418166666667,"F",52,NA,"New","43","C1","No",76.3141474958364,-0.707309325400881,31.4711056582826,"Special SC pots",NA,NA,NA,"03",0,"SMI_20154303",2015,"Host tissue","Blood","EtOH 100%","Available","Chionoecetes opilio","SM","BS",1
"8-11",2015-08-27,"SC pots",59.8804166666667,-172.418166666667,"M",73.9,16.7,"Old","43","D1","No",76.3141474958364,-0.707309325400881,31.4711056582826,"Special SC pots",NA,NA,NA,"04",0,"SMI_20154304",2015,"Host tissue","Blood","EtOH 100%","Available","Chionoecetes opilio","SM","BS",1
"8-12",2015-08-27,"SC pots",59.8804166666667,-172.418166666667,"M",56,NA,"New","43","E1","No",76.3141474958364,-0.707309325400881,31.4711056582826,"Special SC pots",NA,NA,NA,"05",0,"SMI_20154305",2015,"Host tissue","Blood","EtOH 100%","Available","Chionoecetes opilio","SM","BS",1
"8-13",2015-08-27,"SC pots",59.8804166666667,-172.418166666667,"M",78,18,"New","43","F1","No",76.3141474958364,-0.707309325400881,31.4711056582826,"Special SC pots",NA,NA,NA,"06",0,"SMI_20154306",2015,"Host tissue","Blood","EtOH 100%","Available","Chionoecetes opilio","SM","BS",1
"8-14",2015-08-27,"SC pots",59.8804166666667,-172.418166666667,"M",90.3,22.4,"New","43","G1","No",76.3141474958364,-0.707309325400881,31.4711056582826,"Special SC pots",NA,NA,NA,"07",0,"SMI_20154307",2015,"Host tissue","Blood","EtOH 100%","Available","Chionoecetes opilio","SM","BS",1
"8-15",2015-08-27,"SC pots",59.8804166666667,-172.418166666667,"M",70.2,15.6,"New","43","H1","No",76.3141474958364,-0.707309325400881,31.4711056582826,"Special SC pots",NA,NA,NA,"08",0,"SMI_20154308",2015,"Host tissue","Blood","EtOH 100%","Available","Chionoecetes opilio","SM","BS",1
"8-16",2015-08-27,"SC pots",59.8804166666667,-172.418166666667,"F",59,NA,"New","43","A2","No",76.3141474958364,-0.707309325400881,31.4711056582826,"Special SC pots",NA,NA,NA,"09",0,"SMI_20154309",2015,"Host tissue","Blood","EtOH 100%","Available","Chionoecetes opilio","SM","BS",1
"1-1",2015-08-05,"104",59.7885,-172.918,"M",101.4,25.5,NA,"42","A1","Yes",81.58,-1.1231718956799,31.6064802745,"16",2808,NA,"White hemolymph","01",NA,"SMI_20154201",2015,"Host tissue","Blood","EtOH 100%","Available","Chionoecetes opilio","SM","BS",1
"1-2",2015-08-05,"116",59.7093,-172.9175,"F",57,NA,NA,"42","B1","Yes",89.3,-1.1089419139929,31.5846281308097,"34",2820,"42232","Immature Female - New SC","02",NA,"SMI_20154202",2015,"Host tissue","Blood","EtOH 100%","Available","Chionoecetes opilio","SM","BS",1
"1-3",2015-08-06,"94",59.878,-172.5835,"M",91.9,21.5,NA,"42","C1","Yes",75.77,-0.817482455787312,NA,"53",2803,"42228","New SC","03",NA,"SMI_20154203",2015,"Host tissue","Blood","EtOH 100%","Available","Chionoecetes opilio","SM","BS",1
"1-5",2015-08-07,"78",59.9593,-173.25,"M",67,NA,NA,"42","E1","Yes",77.44,-0.981993177039544,31.5594844105226,"75",2809,"42231",NA,"05",NA,"SMI_20154205",2015,"Host tissue","Blood","EtOH 100%","Available","Chionoecetes opilio","SM","BS",1
"1-4",2015-08-07,"90",59.876,-173.25,"M",82.4,16.9,NA,"42","D1","Yes",80.9,-1.08868998434502,31.6024698422956,"71",2802,"42230",NA,"04",NA,"SMI_20154204",2015,"Host tissue","Blood","EtOH 100%","Available","Chionoecetes opilio","SM","BS",1
"1-6",2015-08-08,"100",59.7907,-173.5833,"M",102.5,26.2,NA,"42","F1","Yes",97.23,0.125132371283489,32.1011923867098,"99",2807,NA,NA,"06",NA,"SMI_20154206",2015,"Host tissue","Blood","EtOH 100%","Available","Chionoecetes opilio","SM","BS",1
"1-7",2015-08-09,"86",59.8718,-173.9168,"M",109.3,27.3,NA,"42","G1","Yes",100.49,0.777686278434122,NA,"124",2805,"42245","Old SC","07",NA,"SMI_20154207",2015,"Host tissue","Blood","EtOH 100%","Available","Chionoecetes opilio","SM","BS",1
"1-8",2015-08-10,"63",60.0405,-173.75,"M",93.9,22.8,NA,"42","H1","Yes",92.1,-0.676019655475394,32.0394757099367,"159",2842,"42228","Old SC - Left chela measured","08",NA,"SMI_20154208",2015,"Host tissue","Blood","EtOH 100%","Available","Chionoecetes opilio","SM","BS",1
"1-9",2015-08-10,"64",60.0407,-173.5833,"M",66,NA,NA,"42","A2","Yes",85.66,-0.994798303289808,31.9023045375095,"162",2825,NA,"Barely BSC+ looking","09",NA,"SMI_20154209",2015,"Host tissue","Blood","EtOH 100%","Available","Chionoecetes opilio","SM","BS",1
"1-10",2015-08-10,"65",60.0407,-173.417,"M",66,NA,NA,"42","B2","Yes",75.53,-0.741739610584534,NA,"167",2830,NA,"Barely BSC+ looking, slight milky hemolymph","10",NA,"SMI_20154210",2015,"Host tissue","Blood","EtOH 100%","Available","Chionoecetes opilio","SM","BS",1
"1-12",2015-08-10,"74",59.9593,-173.9163,"M",68.8,NA,NA,"42","D2","Yes",99.04,-0.0443757435000062,31.9458076101489,"182",NA,"42228","Old SC, Barely visual, milky hemolymph","12",NA,"SMI_20154212",2015,"Host tissue","Blood","EtOH 100%","Available","Chionoecetes opilio","SM","BS",1
"1-11",2015-08-10,"77",59.9615,-173.4163,"M",77.9,17.4,NA,"42","C2","Yes",80.49,-0.965016896578981,NA,"169",2804,"Missing 8/27/15","Barely BSC+ looking","11",NA,"SMI_20154211",2015,"Host tissue","Blood","EtOH 100%","Available","Chionoecetes opilio","SM","BS",1
"1-13",2015-08-11,"28",60.2052,-173.7498,"M",84.8,20.3,NA,"42","E2","Yes",82.17,-0.941457582101847,31.6192308592123,"185",2821,NA,"new SC, milky hemolymph","13",NA,"SMI_20154213",2015,"Host tissue","Blood","EtOH 100%","Available","Chionoecetes opilio","SM","BS",1
"1-14",2015-08-12,"1",60.4573,-173.9167,"M",106.6,NA,NA,"42","F2","Yes",82.5,-0.859245872431856,31.9005937493973,"235",2801,"42243","slight milky hemolymph, no chelas","14",NA,"SMI_20154214",2015,"Host tissue","Blood","EtOH 100%","Available","Chionoecetes opilio","SM","BS",1
"1-18",2015-08-12,"7",60.3782,-173.7502,"M",85,18.8,"New","40","B6","Yes",73.42,-0.797462885795831,NA,"228",2841,"42245",NA,"42",1,"SMI_20154042",2015,"Host tissue","Blood","EtOH 100%","Available","Chionoecetes opilio","SM","BS",1
"1-15",2015-08-12,"15",60.2947,-173.9168,"M",58,NA,NA,"42","G2","Yes",89.86,-0.957151777842419,31.6120787715093,"241",2806,NA,"New SC, slight milky hemolymph","15",NA,"SMI_20154215",2015,"Host tissue","Blood","EtOH 100%","Available","Chionoecetes opilio","SM","BS",1
"1-16",2015-08-12,"15",60.2885,-173.9167,"M",78.8,14,NA,"42","H2","Yes",89.86,-0.957151777842419,31.6120787715093,"244",2819,NA,"New SC, slight milky hemolymph","16",NA,"SMI_20154216",2015,"Host tissue","Blood","EtOH 100%","Available","Chionoecetes opilio","SM","BS",1
"1-17",2015-08-12,"15",60.2885,-173.9167,"M",77.8,11.9,NA,"42","A3","Yes",89.86,-0.957151777842419,31.6120787715093,"244",2813,"42230","may not be BSC+, very slightly milky","17",NA,"SMI_20154217",2015,"Host tissue","Blood","EtOH 100%","Available","Chionoecetes opilio","SM","BS",1
"1-19",2015-08-13,"18",60.2885,-173.417,"M",82.8,18.1,"New","40","E9","Yes",65.43,0.306649874269927,31.3561967893725,"276",2815,NA,"milky hemolymph, slight BCS+ looking","69",0,"SMI_20154069",2015,"Host tissue","Blood","EtOH 100%","Available","Chionoecetes opilio","SM","BS",1
"2-1",2015-08-16,"72",60.0407,-172.2502,"M",62,NA,NA,"42","C3","Yes",65.99,0.0742134793759738,31.3948121899955,"331",2817,NA,"New SC, slight BCS+ looking","19",NA,"SMI_20154219",2015,"Host tissue","Blood","EtOH 100%","Available","Chionoecetes opilio","SM","BS",1
"1-20",2015-08-16,"72",60.0385,-172.2503,"M",60,NA,NA,"42","B3","Yes",65.99,0.0742134793759738,31.3948121899955,"332",2818,NA,"New SC, slight BCS+ looking","18",NA,"SMI_20154218",2015,"Host tissue","Blood","EtOH 100%","Available","Chionoecetes opilio","SM","BS",1
"2-2",2015-08-16,"83",59.9552,-172.4165,"M",67,NA,NA,"42","E3","Yes",72.28,-0.266551137415912,31.6174050910557,"349",2812,NA,"New SC","21",NA,"SMI_20154221",2015,"Host tissue","Blood","EtOH 100%","Available","Chionoecetes opilio","SM","BS",1
"3-7",2015-08-16,"83",59.9552,-172.4165,"M",99.9,25.1,"Old","41","F2","Yes",72.28,-0.266551137415912,31.6174050910557,"349",NA,"42232","Old SC, randomly selected for hemolymph for prev & noted as BSC+ - likely had milky hemolymph","14",0,"SMI_20154114",2015,"Host tissue","Blood","EtOH 100%","Available","Chionoecetes opilio","SM","BS",1
"2-3",2015-08-16,"83",59.9615,-172.4165,"M",64,NA,NA,"42","F3","Yes",72.28,-0.266551137415912,31.6174050910557,"352",2822,NA,"New SC","22",NA,"SMI_20154222",2015,"Host tissue","Blood","EtOH 100%","Available","Chionoecetes opilio","SM","BS",1
"2-5",2015-08-21,"173",60.7093,-172.417,"M",63,NA,"New","41","B4","Yes",58.91,0.950855385751204,31.2464804821241,"462",2824,NA,"New SC, slight looking, slight milky hemolymph","26",1,"SMI_20154126",2015,"Host tissue","Blood","EtOH 100%","Available","Chionoecetes opilio","SM","BS",1
"2-4",2015-08-21,"420",60.7952,-172.5652,"M",64,NA,NA,"42","G3","Yes",58.42,2.2489997992918,NA,"452",2832,NA,"New SC, slight BCS+ looking","23",NA,"SMI_20154223",2015,"Host tissue","Blood","EtOH 100%","Available","Chionoecetes opilio","SM","BS",1
"2-6",2015-08-27,"SC pots",59.8804166666667,-172.418166666667,"M",68,NA,NA,NA,NA,"Yes",76.3141474958364,-0.707309325400881,31.4711056582826,"Special SC pots",2810,NA,NA,NA,NA,"SMI_2-6",2015,"Host tissue","Blood","EtOH 100%","Available","Chionoecetes opilio","SM","BS",1
"2-7",2015-08-27,"SC pots",59.8804166666667,-172.418166666667,"M",99.5,NA,NA,NA,NA,"Yes",76.3141474958364,-0.707309325400881,31.4711056582826,"Special SC pots",2814,NA,NA,NA,NA,"SMI_2-7",2015,"Host tissue","Blood","EtOH 100%","Available","Chionoecetes opilio","SM","BS",1
"2-8",2015-08-27,"SC pots",59.8804166666667,-172.418166666667,"M",72,14.9,NA,NA,NA,"Yes",76.3141474958364,-0.707309325400881,31.4711056582826,"Special SC pots",2800,NA,"New SC",NA,NA,"SMI_2-8",2015,"Host tissue","Blood","EtOH 100%","Available","Chionoecetes opilio","SM","BS",1
"2-9",2015-08-27,"SC pots",59.8804166666667,-172.418166666667,"M",74.5,12.1,NA,NA,NA,"Yes",76.3141474958364,-0.707309325400881,31.4711056582826,"Special SC pots",2823,NA,NA,NA,NA,"SMI_2-9",2015,"Host tissue","Blood","EtOH 100%","Available","Chionoecetes opilio","SM","BS",1
"2-10",2015-08-27,"SC pots",59.8804166666667,-172.418166666667,"M",66,NA,NA,NA,NA,"Yes",76.3141474958364,-0.707309325400881,31.4711056582826,"Special SC pots",2816,NA,NA,NA,NA,"SMI_2-10",2015,"Host tissue","Blood","EtOH 100%","Available","Chionoecetes opilio","SM","BS",1
"2-11",2015-08-27,"SC pots",59.8804166666667,-172.418166666667,"F",59,NA,NA,NA,NA,"Yes",76.3141474958364,-0.707309325400881,31.4711056582826,"Special SC pots",2843,NA,NA,NA,NA,"SMI_2-11",2015,"Host tissue","Blood","EtOH 100%","Available","Chionoecetes opilio","SM","BS",1
"2-12",2015-08-27,"SC pots",59.8804166666667,-172.418166666667,"F",57,NA,NA,NA,NA,"Yes",76.3141474958364,-0.707309325400881,31.4711056582826,"Special SC pots",2834,NA,NA,NA,NA,"SMI_2-12",2015,"Host tissue","Blood","EtOH 100%","Available","Chionoecetes opilio","SM","BS",1
"2-13",2015-08-27,"SC pots",59.8804166666667,-172.418166666667,"M",66,NA,NA,NA,NA,"Yes",76.3141474958364,-0.707309325400881,31.4711056582826,"Special SC pots",2826,NA,NA,NA,NA,"SMI_2-13",2015,"Host tissue","Blood","EtOH 100%","Available","Chionoecetes opilio","SM","BS",1
"2-14",2015-08-27,"SC pots",59.8804166666667,-172.418166666667,"M",55,NA,NA,NA,NA,"Yes",76.3141474958364,-0.707309325400881,31.4711056582826,"Special SC pots",2838,NA,NA,NA,NA,"SMI_2-14",2015,"Host tissue","Blood","EtOH 100%","Available","Chionoecetes opilio","SM","BS",1
"2-15",2015-08-27,"SC pots",59.8804166666667,-172.418166666667,"M",57,NA,NA,NA,NA,"Yes",76.3141474958364,-0.707309325400881,31.4711056582826,"Special SC pots",2835,NA,NA,NA,NA,"SMI_2-15",2015,"Host tissue","Blood","EtOH 100%","Available","Chionoecetes opilio","SM","BS",1
"2-16",2015-08-27,"SC pots",59.8804166666667,-172.418166666667,"M",56,NA,NA,NA,NA,"Yes",76.3141474958364,-0.707309325400881,31.4711056582826,"Special SC pots",2844,NA,NA,NA,NA,"SMI_2-16",2015,"Host tissue","Blood","EtOH 100%","Available","Chionoecetes opilio","SM","BS",1
"2-17",2015-08-27,"SC pots",59.8804166666667,-172.418166666667,"M",60,NA,NA,NA,NA,"Yes",76.3141474958364,-0.707309325400881,31.4711056582826,"Special SC pots",2837,NA,NA,NA,NA,"SMI_2-17",2015,"Host tissue","Blood","EtOH 100%","Available","Chionoecetes opilio","SM","BS",1
"2-18",2015-08-27,"SC pots",59.8804166666667,-172.418166666667,"M",78.6,17.3,NA,NA,NA,"Yes",76.3141474958364,-0.707309325400881,31.4711056582826,"Special SC pots",2849,NA,"Left chela measured",NA,NA,"SMI_2-18",2015,"Host tissue","Blood","EtOH 100%","Available","Chionoecetes opilio","SM","BS",1
"2-19",2015-08-27,"SC pots",59.8804166666667,-172.418166666667,"M",86.4,19.6,NA,NA,NA,"Yes",76.3141474958364,-0.707309325400881,31.4711056582826,"Special SC pots",2847,NA,NA,NA,NA,"SMI_2-19",2015,"Host tissue","Blood","EtOH 100%","Available","Chionoecetes opilio","SM","BS",1
"2-20",2015-08-27,"SC pots",59.8804166666667,-172.418166666667,"M",65,NA,NA,NA,NA,"Yes",76.3141474958364,-0.707309325400881,31.4711056582826,"Special SC pots",2839,NA,NA,NA,NA,"SMI_2-20",2015,"Host tissue","Blood","EtOH 100%","Available","Chionoecetes opilio","SM","BS",1
"3-1",2015-08-27,"SC pots",59.8804166666667,-172.418166666667,"M",65,NA,NA,NA,NA,"Yes",76.3141474958364,-0.707309325400881,31.4711056582826,"Special SC pots",2828,NA,NA,NA,NA,"SMI_3-1",2015,"Host tissue","Blood","EtOH 100%","Available","Chionoecetes opilio","SM","BS",1
"3-2",2015-08-27,"SC pots",59.8804166666667,-172.418166666667,"M",60,NA,NA,NA,NA,"Yes",76.3141474958364,-0.707309325400881,31.4711056582826,"Special SC pots",2840,NA,NA,NA,NA,"SMI_3-2",2015,"Host tissue","Blood","EtOH 100%","Available","Chionoecetes opilio","SM","BS",1
"3-3",2015-08-27,"SC pots",59.8804166666667,-172.418166666667,"M",62,NA,NA,NA,NA,"Yes",76.3141474958364,-0.707309325400881,31.4711056582826,"Special SC pots",2833,NA,NA,NA,NA,"SMI_3-3",2015,"Host tissue","Blood","EtOH 100%","Available","Chionoecetes opilio","SM","BS",1
"3-4",2015-08-27,"SC pots",59.8804166666667,-172.418166666667,"M",80.5,18,"Old","41","E4","Yes",76.3141474958364,-0.707309325400881,31.4711056582826,"Special SC pots",2836,NA,"slight milky hemolymph, no obvious other BCS+ signs (carapace/joints)","29",0,"SMI_20154129",2015,"Host tissue","Blood","EtOH 100%","Available","Chionoecetes opilio","SM","BS",1
"3-5",2015-08-27,"SC pots",59.8804166666667,-172.418166666667,"M",65,NA,"Old","41","D10","Yes",76.3141474958364,-0.707309325400881,31.4711056582826,"Special SC pots",2811,NA,"slight milky hemolymph, no obvious other BCS+ signs (carapace/joints)","76",0,"SMI_20154176",2015,"Host tissue","Blood","EtOH 100%","Available","Chionoecetes opilio","SM","BS",1
